<?xml version="1.0" encoding="UTF-8"?>
<config xmlns="http://www.knime.org/2008/09/XMLConfig" xmlns:xsi="http://www.w3.org/2001/XMLSchema-instance" xsi:schemaLocation="http://www.knime.org/2008/09/XMLConfig http://www.knime.org/XMLConfig_2008_09.xsd" key="settings.xml">
<entry key="name" type="xstring" value="Column Filter"/>
<config key="model">
<entry key="selectionOption" type="xstring" value="EnforceExclusion"/>
<config key="exclude">
<entry key="array-size" type="xint" value="12"/>
<entry key="0" type="xstring" value="Cluster"/>
<entry key="1" type="xstring" value="AGE (Mean)"/>
<entry key="2" type="xstring" value="MONTH (Mean)"/>
<entry key="3" type="xstring" value="SEX (Mean)"/>
<entry key="4" type="xstring" value="HEADLEN (Mean)"/>
<entry key="5" type="xstring" value="HEADWTH (Mean)"/>
<entry key="6" type="xstring" value="NECK (Mean)"/>
<entry key="7" type="xstring" value="LENGTH (Mean)"/>
<entry key="8" type="xstring" value="CHEST (Mean)"/>
<entry key="9" type="xstring" value="WEIGHT (Mean)"/>
<entry key="10" type="xstring" value="nbCluster"/>
<entry key="11" type="xstring" value="Iteration"/>
</config>
</config>
<entry key="hasContent" type="xboolean" value="true"/>
<entry key="isInactive" type="xboolean" value="false"/>
<config key="ports">
<config key="port_1">
<entry key="index" type="xint" value="1"/>
<entry key="port_spec_class" type="xstring" value="org.knime.core.data.DataTableSpec"/>
<entry key="port_object_class" type="xstring" value="org.knime.core.node.BufferedDataTable"/>
<entry key="port_object_summary" type="xstring" value="Rows: 1, Cols: 1"/>
<entry key="port_dir_location" type="xstring" value="port_1"/>
</config>
</config>
</config>
