<?xml version="1.0" encoding="UTF-8"?>
<config xmlns="http://www.knime.org/2008/09/XMLConfig" xmlns:xsi="http://www.w3.org/2001/XMLSchema-instance" xsi:schemaLocation="http://www.knime.org/2008/09/XMLConfig http://www.knime.org/XMLConfig_2008_09.xsd" key="settings.xml">
<entry key="name" type="xstring" value="JPython Script 1:1"/>
<config key="model">
<entry key="script" type="xstring" value="iterator = inData0.iterator()%%00010idts = inData0.getDataTableSpec()%%00010%%00010clustersCollndex = idts.findColumnIndex(&quot;Cluster&quot;)%%00010nbClusterIndex = idts.findColumnIndex(&quot;nbCluster&quot;)%%00010MaxDimensionIndex = nbClusterIndex - 1%%00010iterationColIndex = idts.findColumnIndex(&quot;Iteration&quot;)%%00010%%00010iterationList = [] # ( [cluster1, cluster2, ... ] )%%00010%%00010rows = []%%00010row =  iterator.next()%%00010rows.append(row)%%00010%%00010while iterator.hasNext():%%00010%%00009clustersCoordinates = []%%00010%%00009nbClusters = str(row.getCell(nbClusterIndex))%%00010%%00009%%00010%%00009# Récupération des données%%00010%%00009for i in range(0, int(nbClusters)):%%00010%%00009%%00009currentCluster = []%%00010%%00009%%00009for j in range(1, MaxDimensionIndex):%%00010%%00009%%00009%%00009currentCluster.append(str(row.getCell(j)))%%00009%%00010%%00009%%00009clustersCoordinates.append(currentCluster)%%00010%%00009%%00009if iterator.hasNext(): %%00010%%00009%%00009%%00009row = iterator.next()%%00010%%00009%%00009%%00009rows.append(row)%%00010%%00010%%00009clustersCoordinates.sort()%%00010%%00009iterationList.append(clustersCoordinates)%%00010%%00010print('Nombre de clusters : ', nbClusters)%%00010print(iterationList)%%00010%%00010# Analyse%%00010uniques = []%%00010for x in iterationList:%%00010%%00009if x not in uniques: uniques.append(x)%%00010print(uniques)%%00010%%00010for r in rows:%%00010%%00009resultCell = StringCell(str(len(uniques)))%%00010%%00009newRow = AppendedColumnRow(r, [resultCell])%%00010%%00009outContainer.addRowToTable(newRow)"/>
<entry key="append_columns" type="xboolean" value="true"/>
<config key="new_column_names">
<entry key="array-size" type="xint" value="1"/>
<entry key="0" type="xstring" value="Nombre de configurations"/>
</config>
<config key="new_column_types">
<entry key="array-size" type="xint" value="1"/>
<entry key="0" type="xstring" value="String"/>
</config>
</config>
<entry key="hasContent" type="xboolean" value="true"/>
<entry key="isInactive" type="xboolean" value="false"/>
<config key="ports">
<config key="port_1">
<entry key="index" type="xint" value="1"/>
<entry key="port_spec_class" type="xstring" value="org.knime.core.data.DataTableSpec"/>
<entry key="port_object_class" type="xstring" value="org.knime.core.node.BufferedDataTable"/>
<entry key="port_object_summary" type="xstring" value="Rows: 60, Cols: 13"/>
<entry key="port_dir_location" type="xstring" value="port_1"/>
</config>
</config>
</config>
