<?xml version="1.0" encoding="UTF-8"?>
<config xmlns="http://www.knime.org/2008/09/XMLConfig" xmlns:xsi="http://www.w3.org/2001/XMLSchema-instance" xsi:schemaLocation="http://www.knime.org/2008/09/XMLConfig http://www.knime.org/XMLConfig_2008_09.xsd" key="settings.xml">
<entry key="name" type="xstring" value="k-Means"/>
<config key="model">
<config key="nrClusters_Internals">
<entry key="SettingsModelID" type="xstring" value="SMID_integer"/>
<entry key="EnabledStatus" type="xboolean" value="true"/>
</config>
<entry key="nrClusters" type="xint" value="3"/>
<config key="maxNrIterations_Internals">
<entry key="SettingsModelID" type="xstring" value="SMID_integer"/>
<entry key="EnabledStatus" type="xboolean" value="true"/>
</config>
<entry key="maxNrIterations" type="xint" value="99"/>
<config key="cfgColmns_Internals">
<entry key="SettingsModelID" type="xstring" value="SMID_filterString"/>
<entry key="EnabledStatus" type="xboolean" value="true"/>
</config>
<config key="cfgColmns">
<config key="InclList">
<entry key="array-size" type="xint" value="9"/>
<entry key="0" type="xstring" value="AGE"/>
<entry key="1" type="xstring" value="MONTH"/>
<entry key="2" type="xstring" value="SEX"/>
<entry key="3" type="xstring" value="HEADLEN"/>
<entry key="4" type="xstring" value="HEADWTH"/>
<entry key="5" type="xstring" value="NECK"/>
<entry key="6" type="xstring" value="LENGTH"/>
<entry key="7" type="xstring" value="CHEST"/>
<entry key="8" type="xstring" value="WEIGHT"/>
</config>
<config key="ExclList">
<entry key="array-size" type="xint" value="0"/>
</config>
<entry key="keep_all_columns_selected" type="xboolean" value="false"/>
</config>
</config>
<entry key="hasContent" type="xboolean" value="true"/>
<entry key="isInactive" type="xboolean" value="false"/>
<config key="ports">
<config key="port_1">
<entry key="index" type="xint" value="1"/>
<entry key="port_spec_class" type="xstring" value="org.knime.core.data.DataTableSpec"/>
<entry key="port_object_class" type="xstring" value="org.knime.core.node.BufferedDataTable"/>
<entry key="port_object_summary" type="xstring" value="Rows: 4, Cols: 10"/>
<entry key="port_dir_location" type="xstring" value="port_1"/>
</config>
<config key="port_2">
<entry key="index" type="xint" value="2"/>
<entry key="port_spec_class" type="xstring" value="org.knime.core.node.port.pmml.PMMLPortObjectSpec"/>
<entry key="port_object_class" type="xstring" value="org.knime.base.node.mine.cluster.PMMLClusterPortObject"/>
<entry key="port_object_summary" type="xstring" value="ClusteringModel with 3 cluster: cluster_0, cluster_1, cluster_2"/>
<entry key="port_spec_location" type="xstring" value="spec/spec.zip"/>
<entry key="port_object_location" type="xstring" value="object/portobject.zip"/>
<entry key="port_dir_location" type="xstring" value="port_2"/>
</config>
</config>
</config>
