<?xml version="1.0" encoding="UTF-8"?>
<config xmlns="http://www.knime.org/2008/09/XMLConfig" xmlns:xsi="http://www.w3.org/2001/XMLSchema-instance" xsi:schemaLocation="http://www.knime.org/2008/09/XMLConfig http://www.knime.org/XMLConfig_2008_09.xsd" key="settings.xml">
<entry key="name" type="xstring" value="JPython Script 1:1"/>
<config key="model">
<entry key="script" type="xstring" value="iterator = inData0.iterator()%%00010idts = inData0.getDataTableSpec()%%00010count = 0%%00010%%00010while iterator.hasNext():%%00010%%00009row = iterator.next()%%00010%%00009count += 1%%00010%%00010iterator = inData0.iterator()%%00010while iterator.hasNext():%%00010%%00009row = iterator.next()%%00010%%00009newCell = IntCell(count)%%00010%%00010%%00009newRow = AppendedColumnRow(row, [newCell])%%00010%%00009outContainer.addRowToTable(newRow)"/>
<entry key="append_columns" type="xboolean" value="true"/>
<config key="new_column_names">
<entry key="array-size" type="xint" value="1"/>
<entry key="0" type="xstring" value="nbCluster"/>
</config>
<config key="new_column_types">
<entry key="array-size" type="xint" value="1"/>
<entry key="0" type="xstring" value="Integer"/>
</config>
</config>
<entry key="hasContent" type="xboolean" value="true"/>
<entry key="isInactive" type="xboolean" value="false"/>
<config key="ports">
<config key="port_1">
<entry key="index" type="xint" value="1"/>
<entry key="port_spec_class" type="xstring" value="org.knime.core.data.DataTableSpec"/>
<entry key="port_object_class" type="xstring" value="org.knime.core.node.BufferedDataTable"/>
<entry key="port_object_summary" type="xstring" value="Rows: 3, Cols: 11"/>
<entry key="port_dir_location" type="xstring" value="port_1"/>
</config>
</config>
</config>
